INSERT INTO Clients (created, updated, id, client_id, client_secret, name, description) VALUES (NOW(),NOW(),'cli_vthrewfbhgbt2bm46bks','test-client','$2a$10$XMYMNDyiEN9982NGHsVeCextGacHs.cXvBVJQVPCTiB.crDiPS0eu', 'Tokamak Acceptance Test App','This app is used to run automated acceptance tests against the Tokamak server.');

INSERT INTO ClientGrantTypes (client_id, grant_type_id) VALUES('cli_vthrewfbhgbt2bm46bks', 'gnt_x8ir9yj0gdb8839pkyuk');
INSERT INTO ClientGrantTypes (client_id, grant_type_id) VALUES('cli_vthrewfbhgbt2bm46bks', 'gnt_qlb2cfhvcwo2hqxadret');
INSERT INTO ClientGrantTypes (client_id, grant_type_id) VALUES('cli_vthrewfbhgbt2bm46bks', 'gnt_dzp0fousdl0um2ppa2mp');
INSERT INTO ClientGrantTypes (client_id, grant_type_id) VALUES('cli_vthrewfbhgbt2bm46bks', 'gnt_vrjms7yh0kv0o5mb37xl');
INSERT INTO ClientGrantTypes (client_id, grant_type_id) VALUES('cli_vthrewfbhgbt2bm46bks', 'gnt_stjzs6y708vt75mx17xl');

INSERT INTO ClientScopes (client_id, scope_id) VALUES('cli_vthrewfbhgbt2bm46bks', 'scp_gws0jo8mqqhzdewbhqvy');
INSERT INTO ClientScopes (client_id, scope_id) VALUES('cli_vthrewfbhgbt2bm46bks', 'scp_kzor8xpzoxex8iy9v8uk');
INSERT INTO ClientScopes (client_id, scope_id) VALUES('cli_vthrewfbhgbt2bm46bks', 'scp_tjs5q1gmu4z9zhpy08cn');
INSERT INTO ClientScopes (client_id, scope_id) VALUES('cli_vthrewfbhgbt2bm46bks', 'scp_hkgtskyizkixzzimnew9');
INSERT INTO ClientScopes (client_id, scope_id) VALUES('cli_vthrewfbhgbt2bm46bks', 'scp_v7t5ngcnwibl1ykba53v');
INSERT INTO ClientScopes (client_id, scope_id) VALUES('cli_vthrewfbhgbt2bm46bks', 'scp_nlbl8q2gsfundb6bwrhy');
INSERT INTO ClientScopes (client_id, scope_id) VALUES('cli_vthrewfbhgbt2bm46bks', 'scp_ibg9lhwzjwioe4n9xsrh');
INSERT INTO ClientScopes (client_id, scope_id) VALUES('cli_vthrewfbhgbt2bm46bks', 'scp_ltb5zev462vkl6wezayz');
INSERT INTO ClientScopes (client_id, scope_id) VALUES('cli_vthrewfbhgbt2bm46bks', 'scp_fvjtuvymnai9yxmp2kdo');
INSERT INTO ClientScopes (client_id, scope_id) VALUES('cli_vthrewfbhgbt2bm46bks', 'scp_pavligj10fmejikdxqvm');
INSERT INTO ClientScopes (client_id, scope_id) VALUES('cli_vthrewfbhgbt2bm46bks', 'scp_ga8mlm7l4mfg9pf2ib3x');
INSERT INTO ClientScopes (client_id, scope_id) VALUES('cli_vthrewfbhgbt2bm46bks', 'scp_s7bhhhut0qkgip9jqwnj');
INSERT INTO ClientScopes (client_id, scope_id) VALUES('cli_vthrewfbhgbt2bm46bks', 'scp_hkianhtqnek96w7drakl');
INSERT INTO ClientScopes (client_id, scope_id) VALUES('cli_vthrewfbhgbt2bm46bks', 'scp_kig121ofnoj0nbabv2jq');
INSERT INTO ClientScopes (client_id, scope_id) VALUES('cli_vthrewfbhgbt2bm46bks', 'scp_azz7sndajdloudjkyfzw');
INSERT INTO ClientScopes (client_id, scope_id) VALUES('cli_vthrewfbhgbt2bm46bks', 'scp_zuofgp0oocouglenmqni');
INSERT INTO ClientScopes (client_id, scope_id) VALUES('cli_vthrewfbhgbt2bm46bks', 'scp_hzi6nhtqnek4667drakg');
INSERT INTO ClientScopes (client_id, scope_id) VALUES('cli_vthrewfbhgbt2bm46bks', 'scp_krg821ofnojenb7bv2jd');
INSERT INTO ClientScopes (client_id, scope_id) VALUES('cli_vthrewfbhgbt2bm46bks', 'scp_arz7sndajdldudj6yfzg');
INSERT INTO ClientScopes (client_id, scope_id) VALUES('cli_vthrewfbhgbt2bm46bks', 'scp_z4ofgp0oocoggle5mqnh');
INSERT INTO ClientScopes (client_id, scope_id) VALUES('cli_vthrewfbhgbt2bm46bks', 'scp_qwayiuoajqxqwfcypdyj');
INSERT INTO ClientScopes (client_id, scope_id) VALUES('cli_vthrewfbhgbt2bm46bks', 'scp_zbueqkzvvp9zuoq37g3t');
INSERT INTO ClientScopes (client_id, scope_id) VALUES('cli_vthrewfbhgbt2bm46bks', 'scp_ty8l6srhwlp9si5mpmd9');
INSERT INTO ClientScopes (client_id, scope_id) VALUES('cli_vthrewfbhgbt2bm46bks', 'scp_cd28ieewxlb3gtde3tza');
INSERT INTO ClientScopes (client_id, scope_id) VALUES('cli_vthrewfbhgbt2bm46bks', 'scp_edgdg5kb7bjsb9cyh55x');
INSERT INTO ClientScopes (client_id, scope_id) VALUES('cli_vthrewfbhgbt2bm46bks', 'scp_2fgp0oocouglemqqdud6');
INSERT INTO ClientScopes (client_id, scope_id) VALUES('cli_vthrewfbhgbt2bm46bks', 'scp_ats0jo8mqqdudj6yfzg6');
INSERT INTO ClientScopes (client_id, scope_id) VALUES('cli_vthrewfbhgbt2bm46bks', 'scp_ofgp0oq1gmu4z9zhp8uk');

INSERT INTO Clients (created, updated, id, client_id, client_secret, name, description) VALUES (NOW(),NOW(),'cli_zuofgp0oocouglenmqni','console-client','$2a$10$B1VW86X4Ld8wbuZr.IxJmutS0xyvTxdneX6s/KKNbhxHCpkZ532Fu', 'Tokamak Console App','The Tokamak console administrative app.');

INSERT INTO ClientGrantTypes (client_id, grant_type_id) VALUES('cli_zuofgp0oocouglenmqni', 'gnt_x8ir9yj0gdb8839pkyuk');
INSERT INTO ClientGrantTypes (client_id, grant_type_id) VALUES('cli_zuofgp0oocouglenmqni', 'gnt_dzp0fousdl0um2ppa2mp');

INSERT INTO ClientScopes (client_id, scope_id) VALUES('cli_zuofgp0oocouglenmqni', 'scp_gws0jo8mqqhzdewbhqvy');
INSERT INTO ClientScopes (client_id, scope_id) VALUES('cli_zuofgp0oocouglenmqni', 'scp_kzor8xpzoxex8iy9v8uk');
INSERT INTO ClientScopes (client_id, scope_id) VALUES('cli_zuofgp0oocouglenmqni', 'scp_tjs5q1gmu4z9zhpy08cn');
INSERT INTO ClientScopes (client_id, scope_id) VALUES('cli_zuofgp0oocouglenmqni', 'scp_hkgtskyizkixzzimnew9');
INSERT INTO ClientScopes (client_id, scope_id) VALUES('cli_zuofgp0oocouglenmqni', 'scp_v7t5ngcnwibl1ykba53v');
INSERT INTO ClientScopes (client_id, scope_id) VALUES('cli_zuofgp0oocouglenmqni', 'scp_nlbl8q2gsfundb6bwrhy');
INSERT INTO ClientScopes (client_id, scope_id) VALUES('cli_zuofgp0oocouglenmqni', 'scp_ibg9lhwzjwioe4n9xsrh');
INSERT INTO ClientScopes (client_id, scope_id) VALUES('cli_zuofgp0oocouglenmqni', 'scp_ltb5zev462vkl6wezayz');
INSERT INTO ClientScopes (client_id, scope_id) VALUES('cli_zuofgp0oocouglenmqni', 'scp_fvjtuvymnai9yxmp2kdo');
INSERT INTO ClientScopes (client_id, scope_id) VALUES('cli_zuofgp0oocouglenmqni', 'scp_pavligj10fmejikdxqvm');
INSERT INTO ClientScopes (client_id, scope_id) VALUES('cli_zuofgp0oocouglenmqni', 'scp_ga8mlm7l4mfg9pf2ib3x');
INSERT INTO ClientScopes (client_id, scope_id) VALUES('cli_zuofgp0oocouglenmqni', 'scp_s7bhhhut0qkgip9jqwnj');
INSERT INTO ClientScopes (client_id, scope_id) VALUES('cli_zuofgp0oocouglenmqni', 'scp_hkianhtqnek96w7drakl');
INSERT INTO ClientScopes (client_id, scope_id) VALUES('cli_zuofgp0oocouglenmqni', 'scp_kig121ofnoj0nbabv2jq');
INSERT INTO ClientScopes (client_id, scope_id) VALUES('cli_zuofgp0oocouglenmqni', 'scp_azz7sndajdloudjkyfzw');
INSERT INTO ClientScopes (client_id, scope_id) VALUES('cli_zuofgp0oocouglenmqni', 'scp_zuofgp0oocouglenmqni');
INSERT INTO ClientScopes (client_id, scope_id) VALUES('cli_zuofgp0oocouglenmqni', 'scp_hzi6nhtqnek4667drakg');
INSERT INTO ClientScopes (client_id, scope_id) VALUES('cli_zuofgp0oocouglenmqni', 'scp_krg821ofnojenb7bv2jd');
INSERT INTO ClientScopes (client_id, scope_id) VALUES('cli_zuofgp0oocouglenmqni', 'scp_arz7sndajdldudj6yfzg');
INSERT INTO ClientScopes (client_id, scope_id) VALUES('cli_zuofgp0oocouglenmqni', 'scp_z4ofgp0oocoggle5mqnh');
INSERT INTO ClientScopes (client_id, scope_id) VALUES('cli_zuofgp0oocouglenmqni', 'scp_qwayiuoajqxqwfcypdyj');
INSERT INTO ClientScopes (client_id, scope_id) VALUES('cli_zuofgp0oocouglenmqni', 'scp_zbueqkzvvp9zuoq37g3t');
INSERT INTO ClientScopes (client_id, scope_id) VALUES('cli_zuofgp0oocouglenmqni', 'scp_ty8l6srhwlp9si5mpmd9');
INSERT INTO ClientScopes (client_id, scope_id) VALUES('cli_zuofgp0oocouglenmqni', 'scp_cd28ieewxlb3gtde3tza');
INSERT INTO ClientScopes (client_id, scope_id) VALUES('cli_zuofgp0oocouglenmqni', 'scp_edgdg5kb7bjsb9cyh55x');
INSERT INTO ClientScopes (client_id, scope_id) VALUES('cli_zuofgp0oocouglenmqni', 'scp_ats0jo8mqqdudj6yfzg6');
INSERT INTO ClientScopes (client_id, scope_id) VALUES('cli_zuofgp0oocouglenmqni', 'scp_ofgp0oq1gmu4z9zhp8uk');
INSERT INTO ClientScopes (client_id, scope_id) VALUES('cli_zuofgp0oocouglenmqni', 'scp_2fgp0oocouglemqqdud6');